{
  "user": [
    {
      "empid": "55241",
      "name": "ritik8",
      "phone": "7005134",
      "email": "rit@test",
      "id": "e8b4"
    },
    {
      "empid": "2828383",
      "name": "Ritik Kumar Saraogi",
      "phone": "7005123434",
      "email": "ritikjain655@gmail.com",
      "id": "dca5"
    },
    {
      "empid": "2824504",
      "name": "Akshay Kencha",
      "phone": "8989898989",
      "email": "akshay@tcs.com",
      "id": "1e41"
    },
    {
      "id": "327a",
      "empid": "555555",
      "name": "Vicky ",
      "phone": "69696969669",
      "email": "vk@gmail.com"
    }
  ]
}